{
    "target_disease": "Stroke",
    "priors": {
        "has_disease": 0.5001222195062331,
        "no_disease": 0.4998777804937668
    },
    "conditionals": {
        "sex": {
            "1.0": {
                "given_has_disease": 0.5,
                "given_no_disease": 0.6102689486552567
            },
            "0.0": {
                "given_has_disease": 0.5,
                "given_no_disease": 0.3895843520782396
            },
            "nan": {
                "given_has_disease": 0.0,
                "given_no_disease": 0.0
            }
        },
        "age": {
            "63.0": {
                "given_has_disease": 0.01383186705767351,
                "given_no_disease": 0.015990220048899755
            },
            "42.0": {
                "given_has_disease": 0.013636363636363636,
                "given_no_disease": 0.01550122249388753
            },
            "61.0": {
                "given_has_disease": 0.01378299120234604,
                "given_no_disease": 0.01706601466992665
            },
            "41.0": {
                "given_has_disease": 0.013049853372434018,
                "given_no_disease": 0.015012224938875305
            },
            "85.0": {
                "given_has_disease": 0.010263929618768328,
                "given_no_disease": 0.006063569682151589
            },
            "55.0": {
                "given_has_disease": 0.013929618768328446,
                "given_no_disease": 0.017359413202933986
            },
            "82.0": {
                "given_has_disease": 0.010850439882697948,
                "given_no_disease": 0.007286063569682152
            },
            "17.0": {
                "given_has_disease": 0.008308895405669599,
                "given_no_disease": 0.008361858190709047
            },
            "31.0": {
                "given_has_disease": 0.01133919843597263,
                "given_no_disease": 0.015256723716381418
            },
            "39.0": {
                "given_has_disease": 0.013440860215053764,
                "given_no_disease": 0.014474327628361858
            },
            "26.0": {
                "given_has_disease": 0.010703812316715543,
                "given_no_disease": 0.0121760391198044
            },
            "19.0": {
                "given_has_disease": 0.007526881720430108,
                "given_no_disease": 0.008264058679706601
            },
            "78.0": {
                "given_has_disease": 0.012365591397849462,
                "given_no_disease": 0.011931540342298288
            },
            "45.0": {
                "given_has_disease": 0.012805474095796677,
                "given_no_disease": 0.01550122249388753
            },
            "50.0": {
                "given_has_disease": 0.0135386119257087,
                "given_no_disease": 0.018581907090464547
            },
            "53.0": {
                "given_has_disease": 0.01383186705767351,
                "given_no_disease": 0.01882640586797066
            },
            "71.0": {
                "given_has_disease": 0.014027370478983382,
                "given_no_disease": 0.012567237163814181
            },
            "64.0": {
                "given_has_disease": 0.01407624633431085,
                "given_no_disease": 0.015256723716381418
            },
            "75.0": {
                "given_has_disease": 0.013343108504398828,
                "given_no_disease": 0.011980440097799512
            },
            "67.0": {
                "given_has_disease": 0.01412512218963832,
                "given_no_disease": 0.013545232273838631
            },
            "40.0": {
                "given_has_disease": 0.013391984359726295,
                "given_no_disease": 0.014865525672371638
            },
            "23.0": {
                "given_has_disease": 0.009628543499511241,
                "given_no_disease": 0.011295843520782396
            },
            "33.0": {
                "given_has_disease": 0.01158357771260997,
                "given_no_disease": 0.012811735941320294
            },
            "65.0": {
                "given_has_disease": 0.01466275659824047,
                "given_no_disease": 0.014669926650366748
            },
            "83.0": {
                "given_has_disease": 0.010068426197458456,
                "given_no_disease": 0.0070904645476772615
            },
            "79.0": {
                "given_has_disease": 0.01192570869990225,
                "given_no_disease": 0.011540342298288509
            },
            "62.0": {
                "given_has_disease": 0.014418377321603127,
                "given_no_disease": 0.016723716381418095
            },
            "58.0": {
                "given_has_disease": 0.013685239491691105,
                "given_no_disease": 0.01823960880195599
            },
            "34.0": {
                "given_has_disease": 0.011485826001955034,
                "given_no_disease": 0.012860635696821516
            },
            "27.0": {
                "given_has_disease": 0.011143695014662757,
                "given_no_disease": 0.0121760391198044
            },
            "68.0": {
                "given_has_disease": 0.014565004887585532,
                "given_no_disease": 0.013643031784841076
            },
            "52.0": {
                "given_has_disease": 0.014271749755620724,
                "given_no_disease": 0.01687041564792176
            },
            "49.0": {
                "given_has_disease": 0.01407624633431085,
                "given_no_disease": 0.018190709046454766
            },
            "13.0": {
                "given_has_disease": 0.0061583577712609975,
                "given_no_disease": 0.004352078239608802
            },
            "60.0": {
                "given_has_disease": 0.013636363636363636,
                "given_no_disease": 0.018484107579462103
            },
            "24.0": {
                "given_has_disease": 0.009872922776148582,
                "given_no_disease": 0.010660146699266503
            },
            "11.0": {
                "given_has_disease": 0.005278592375366569,
                "given_no_disease": 0.0037163814180929096
            },
            "47.0": {
                "given_has_disease": 0.013489736070381233,
                "given_no_disease": 0.01628361858190709
            },
            "70.0": {
                "given_has_disease": 0.013440860215053764,
                "given_no_disease": 0.0121760391198044
            },
            "38.0": {
                "given_has_disease": 0.01192570869990225,
                "given_no_disease": 0.01374083129584352
            },
            "59.0": {
                "given_has_disease": 0.014222873900293255,
                "given_no_disease": 0.016723716381418095
            },
            "36.0": {
                "given_has_disease": 0.012609970674486803,
                "given_no_disease": 0.01584352078239609
            },
            "77.0": {
                "given_has_disease": 0.012658846529814272,
                "given_no_disease": 0.013496332518337407
            },
            "54.0": {
                "given_has_disease": 0.013343108504398828,
                "given_no_disease": 0.01770171149144254
            },
            "93.0": {
                "given_has_disease": 0.005131964809384164,
                "given_no_disease": 0.000684596577017115
            },
            "29.0": {
                "given_has_disease": 0.010117302052785923,
                "given_no_disease": 0.01237163814180929
            },
            "51.0": {
                "given_has_disease": 0.013391984359726295,
                "given_no_disease": 0.01740831295843521
            },
            "21.0": {
                "given_has_disease": 0.009188660801564028,
                "given_no_disease": 0.00963325183374083
            },
            "56.0": {
                "given_has_disease": 0.014271749755620724,